{"inputUnits":[34],"outputUnits":2,"inputs":{"0":{"dtype":"number","min":77.6931455441486,"max":624.391135130411},"1":{"dtype":"number","min":206.49718644554048,"max":317.3658544636886},"2":{"dtype":"number","min":110.96105375178594,"max":653.9007544610287},"3":{"dtype":"number","min":137.45290555842655,"max":304.42775028688897},"4":{"dtype":"number","min":46.347198486328125,"max":566.4249399385563},"5":{"dtype":"number","min":142.61771710466317,"max":283.656528933039},"6":{"dtype":"number","min":180.74244636505958,"max":668.9686697280824},"7":{"dtype":"number","min":136.16518488190053,"max":334.05324141802953},"8":{"dtype":"number","min":-16.19219115735956,"max":500.6837124954402},"9":{"dtype":"number","min":149.59931251139957,"max":321.1373548099503},"10":{"dtype":"number","min":281.7959093027078,"max":680.0401407085968},"11":{"dtype":"number","min":353.9562388616777,"max":436.8889549641294},"12":{"dtype":"number","min":-23.160105901933367,"max":380.5115791053624},"13":{"dtype":"number","min":371.3326040780034,"max":459.3735750547179},"14":{"dtype":"number","min":395.91353212349145,"max":672.3856837647435},"15":{"dtype":"number","min":473.51509717651845,"max":583.315538933305},"16":{"dtype":"number","min":-25.216705678501945,"max":267.89940385039216},"17":{"dtype":"number","min":527.36325156364,"max":593.3642174390503},"18":{"dtype":"number","min":337.2668433282162,"max":655.4953549158712},"19":{"dtype":"number","min":459.6548972519455,"max":582.820149581256},"20":{"dtype":"number","min":-18.921537287968142,"max":276.7737220140747},"21":{"dtype":"number","min":532.6381638820069,"max":586.6457120546571},"22":{"dtype":"number","min":289.8805207130046,"max":633.6003264193405},"23":{"dtype":"number","min":545.4016802004803,"max":599.9631461651873},"24":{"dtype":"number","min":72.30831992301496,"max":364.30884454036965},"25":{"dtype":"number","min":508.17238418044747,"max":595.4083346949477},"26":{"dtype":"number","min":316.6739274555607,"max":640.5978061067456},"27":{"dtype":"number","min":482.80604499787205,"max":570.0924658868099},"28":{"dtype":"number","min":25.963398380502188,"max":360.24037372277405},"29":{"dtype":"number","min":538.0686422266385,"max":562.6505341882372},"30":{"dtype":"number","min":309.41217088513804,"max":640.2907758185836},"31":{"dtype":"number","min":540.2418001523741,"max":574.2431165643239},"32":{"dtype":"number","min":26.860611615013983,"max":357.53652483572756},"33":{"dtype":"number","min":539.0041805519668,"max":564.1079836596775}},"outputs":{"0":{"dtype":"string","min":0,"max":1,"uniqueValues":["ArrowDown","ArrowUp"],"legend":{"ArrowDown":[1,0],"ArrowUp":[0,1]}}},"isNormalized":true}