{"inputUnits":[4],"outputUnits":2,"inputs":{"0":{"dtype":"number","min":223.9050340466926,"max":587.7363681422133},"1":{"dtype":"number","min":192.35404404220878,"max":324.890263776371},"2":{"dtype":"number","min":134.64797320532892,"max":487.26465128739056},"3":{"dtype":"number","min":186.84160284495078,"max":326.1420912686953}},"outputs":{"0":{"dtype":"string","min":0,"max":1,"uniqueValues":["ArrowDown","ArrowUp"],"legend":{"ArrowDown":[1,0],"ArrowUp":[0,1]}}},"isNormalized":true}